Index,Inclination Angle (deg),Right Ascension of Ascending Node (deg),Eccentricity,Argument of Perigee (deg),Mean Anomaly (deg),Mean Motion (revs/day),Orbit Type
22,98.0411,253.8068,0.008423,267.0532,92.102,14.551266,S42
56,98.8113,256.7802,0.000147,60.0823,300.0459,14.195652,S42
79,6.7561,68.4552,0.001414,309.9278,49.875,0.983356,S4I
197,0.0474,66.5771,0.000132,25.5105,154.4285,1.002725,S4G
198,0.0261,28.6118,7.5e-05,157.1359,113.8384,1.002708,S4G
200,64.8937,174.9537,0.001892,199.4282,333.8767,2.131024,S4A
203,64.8908,174.9557,0.001652,330.465,182.3734,2.131022,S4A
206,64.878,174.9289,0.000542,271.3869,158.9594,2.131025,S4A
209,63.5813,9.9559,0.741627,288.4327,7.6178,2.005896,S4M
213,51.9856,82.7911,7.9e-05,93.0914,267.0039,12.622728,S45
214,51.9676,126.997,0.000112,35.9192,324.1747,12.622724,S45
215,51.9782,262.4914,2.6e-05,143.5784,216.5094,12.622626,S45
216,51.9733,171.7238,0.000132,222.8071,137.2694,12.622577,S45
217,0.0372,237.1996,0.000267,228.0085,78.6605,1.002704,S4G
218,0.0369,190.5271,2.2e-05,65.6397,279.8152,1.002719,S4G
222,54.8676,351.3222,0.000872,286.5298,73.3725,2.005645,S4A
225,0.0615,93.7338,0.00018,346.8792,181.7287,1.002696,S4G
226,97.7998,191.9557,8.2e-05,86.0789,274.0521,14.803164,S42
228,98.1585,22.9484,0.001385,76.1068,36.5083,15.264345,S42
231,0.0245,88.1414,0.000206,9.0619,219.4666,1.002713,S4G
233,41.0201,226.0015,0.012353,115.8732,245.4899,15.249164,S45
235,0.0371,132.7422,0.000152,93.2343,55.3632,1.002704,S4G
237,0.0347,59.1253,0.00025,48.1387,109.0757,1.002717,S4G
238,97.8667,17.505,0.000131,70.4185,289.7174,14.82165,S42
240,64.7926,55.3783,0.001952,0.1486,359.9172,2.131037,S4A
242,64.7797,55.3883,0.000393,69.9508,290.1581,2.131034,S4A
246,64.7804,55.3932,0.000527,109.2686,250.8565,2.131032,S4A
249,0.0186,26.5761,0.000239,76.1021,89.6531,1.002705,S4G
267,51.6409,276.9233,0.000903,340.7905,137.693,15.749419,S45
268,98.1511,253.0736,0.002385,182.9724,161.0559,15.264457,S42
269,18.7806,141.7771,0.252793,21.2657,113.261,1.409207,S4A
270,55.1698,52.0252,0.001675,155.3073,204.8344,2.005597,S4A
325,9.2676,59.2163,0.002141,302.0275,57.7491,0.991044,S4I
391,35.4342,33.9084,0.000108,243.8042,116.2564,15.030146,S45
392,0.043,276.437,0.000123,279.269,224.211,1.002785,S4G
402,35.4367,34.315,0.000156,210.0279,150.0348,15.029469,S45
415,97.9976,248.4679,0.001782,93.3851,266.9385,14.785876,S42
433,75.0832,216.816,0.27306,330.5034,16.5765,9.939008,S4A
483,46.0392,35.7839,0.000933,343.4544,16.6042,15.232323,S45
486,46.0215,65.1901,0.001077,339.2583,20.7873,15.136128,S45
489,82.5024,111.3897,0.001776,210.1076,149.8981,12.429969,S45
586,0.0636,115.8228,0.000168,121.2622,39.3508,1.002698,S4G
588,97.9184,247.2488,0.003022,13.5504,346.6521,14.764251,S42
589,48.4455,247.2057,0.000739,31.3865,328.7494,14.68306,S45
622,98.0414,253.7404,0.008438,267.7115,91.4381,14.551225,S42
623,0.0548,182.7831,0.000308,277.2361,253.4765,1.002728,S4G
624,48.4439,247.205,0.00075,30.1951,329.9396,14.682731,S45
626,48.4447,247.5253,0.00076,29.0851,331.0482,14.682557,S45
628,48.4436,247.5243,0.000761,28.3196,331.8134,14.682404,S45
630,48.4454,247.2047,0.000792,29.8088,330.3277,14.683022,S45
632,48.4444,247.5621,0.0008,4.6628,355.4393,14.676882,S45
637,54.991,173.1971,0.00399,279.2678,80.262,2.005664,S4A
644,82.9784,354.1688,0.003857,169.0293,191.1713,13.746839,S45
646,97.9942,248.7189,0.001397,69.8069,290.4645,14.800179,S42
648,97.9877,248.1393,0.001718,76.7206,283.5919,14.814299,S42
651,53.7882,113.8126,0.001926,73.7402,286.465,1.888575,S4A
671,98.4426,251.344,0.001085,183.3009,176.8111,14.288373,S42
680,11.4692,38.6189,0.001499,153.6386,206.4563,1.013721,S4I
693,55.8826,314.2768,0.001413,226.3971,133.4878,1.860848,S4A
716,7.8836,65.1572,0.000711,226.0911,133.8037,0.991856,S4I
718,26.8066,103.3396,0.63077,294.391,13.8906,3.542986,S4K
741,8.4586,46.5775,0.000217,329.5476,30.4322,1.002757,S4J
772,54.8967,56.1158,0.000817,332.8243,27.1956,1.894236,S4A
791,6.059,70.5213,0.000137,20.9698,197.2248,1.002713,S4J
804,54.3976,243.9519,0.001731,215.4528,144.5127,1.891756,S4A
837,97.9995,78.2445,0.000572,354.3186,5.7947,14.699635,S42
926,74.0321,267.392,0.002217,109.3203,251.0354,14.326165,S45
945,0.0346,70.5486,0.000173,47.2023,85.4709,1.002716,S4G
973,98.2153,172.5268,0.00125,113.6024,246.6473,14.318655,S42
990,0.0149,64.5964,9.9e-05,38.2562,212.2535,1.002722,S4G
995,0.0105,207.0582,0.000233,260.7849,137.1417,1.002716,S4G
1001,56.4885,3.1431,0.001054,180.7558,179.2522,1.895969,S4A
1019,99.0225,168.234,0.053967,232.2322,122.8717,12.833573,S42
1029,0.0221,7.4885,0.000382,85.0108,285.8433,1.002673,S4G
1037,8.2133,64.4843,0.000276,175.4946,184.4465,0.992424,S4I
1057,0.0689,3.831,0.000302,106.2044,139.6908,1.002744,S4G
1061,16.8153,212.7722,0.641752,62.5102,347.7335,2.004324,S4K
1067,0.0404,332.1125,0.000449,109.7471,279.4524,1.002723,S4G
1074,28.4686,197.6864,0.000374,224.6048,135.424,15.003912,S45
1087,8.9943,60.3715,0.001792,28.852,331.2233,1.002585,S4J
1108,17.7035,223.2638,0.711358,151.2672,280.6003,2.426174,S4K
1121,55.2882,305.009,0.004668,228.186,131.426,1.871815,S4A
1145,0.0874,208.2373,0.000248,263.4335,169.8879,1.002695,S4G
1157,54.3645,238.6122,0.001861,143.3616,216.8443,1.877542,S4A
1175,0.9137,83.9655,0.000149,31.8951,181.3562,1.002722,S4G
1187,5.3126,72.9921,0.000324,53.822,306.068,0.997627,S4I
1223,0.5668,33.7883,0.000207,128.4153,89.5467,1.002705,S4G
1257,55.4996,296.8607,0.01412,284.5166,75.4684,2.005457,S4A
1266,0.2275,76.4194,0.000139,30.0376,197.0681,1.002699,S4G
1286,64.5597,309.4956,0.006218,264.1732,95.2295,14.758875,S45
1344,5.7925,70.795,3.8e-05,10.8925,161.0036,1.002732,S4J
1364,63.9395,171.4168,0.001303,208.0072,151.9057,2.131023,S4A
1400,98.7648,190.8038,0.001347,70.3608,289.8972,14.255368,S42
1443,54.5845,234.9304,0.007818,317.3538,42.1176,2.005637,S4A
1461,0.0151,33.5567,0.000265,320.2966,359.0509,1.002703,S4G
1470,98.1881,218.7155,0.003488,28.9152,331.397,14.356615,S42
1498,97.18,266.8812,0.000244,84.3259,1.8893,15.398885,S42
1500,0.0156,262.1569,0.000376,204.2337,81.4928,1.002718,S4G
1519,98.4202,135.3368,0.000651,11.0755,349.0546,14.385076,S42
1556,0.013,3.9446,0.000365,119.0939,176.8016,1.002736,S4G
1577,0.0127,292.2141,0.0003,173.582,272.1222,1.002725,S4G
1595,3.5972,76.792,0.000244,46.4617,211.5629,1.002745,S4J
1619,88.4479,149.7971,0.171517,137.6163,237.102,11.28845,S4A
1635,3.2465,77.5148,0.000373,206.9287,152.8062,1.003343,S4I
1665,55.3136,46.6163,0.011905,288.617,70.1566,2.005609,S4A
1686,0.0099,341.9391,9.4e-05,157.6259,78.9672,1.00267,S4G
1693,5.2657,73.828,0.002342,95.686,264.4469,0.986844,S4I
1717,3.3596,77.9717,0.00135,271.8221,87.7863,0.992851,S4I
1739,19.2931,352.47,0.017356,218.3791,140.3734,0.849311,S4W
1757,0.0623,157.5989,0.000148,6.2016,209.5746,1.002723,S4G
1774,5.6172,74.1035,0.009184,187.7124,172.0185,0.971794,S4I
1795,0.049,336.095,0.00036,109.8475,205.1788,1.002681,S4G
1797,81.638,336.6866,0.004979,44.0992,316.4203,15.37721,S45
1804,0.0744,269.3291,0.000308,228.9254,169.5015,1.002701,S4G
1811,56.921,354.6679,0.018995,53.702,308.0394,2.005715,S4A
1847,65.1056,212.0449,0.626121,232.1318,53.0352,2.004845,S4K
1889,66.0325,65.9323,0.000779,268.2093,91.8029,12.809427,S45
1891,0.0271,226.8122,0.000515,234.425,244.323,1.002721,S4G
1899,0.0117,15.6323,0.000332,98.1218,178.4045,1.002707,S4G
1904,66.0866,330.1511,8.5e-05,154.7859,205.3197,12.864446,S45
1912,0.0136,15.702,0.000259,67.1003,192.9421,1.002728,S4G
1914,0.022,14.9855,0.000259,90.6424,314.8066,1.00271,S4G
1916,0.0083,338.1669,0.000224,124.2331,210.2407,1.002718,S4G
1921,0.0237,62.724,0.000234,13.8461,148.7115,1.002703,S4G
1923,0.0119,323.2329,0.000237,162.2327,177.8308,1.00271,S4G
1925,0.0088,311.5491,0.000319,144.8502,187.7117,1.002709,S4G
1927,66.0885,322.6071,0.000188,88.9384,271.1843,12.867209,S45
1935,51.9981,83.8857,9.5e-05,330.4716,29.6156,12.622622,S45
1941,1.9402,80.6594,0.000892,321.4108,38.0105,0.992082,S4H
1963,55.5754,48.6158,0.021321,262.7036,94.9275,2.005537,S4A
1974,98.8678,129.4538,0.001325,258.9437,101.0275,14.111745,S42
1981,0.3658,85.4425,0.000195,14.7329,219.8621,1.002713,S4G
1984,0.0177,2.3576,0.000208,91.973,255.5688,1.00269,S4G
2043,52.6543,88.4666,0.01371,201.8906,157.5752,6.472941,S4A
2056,7.0057,68.0825,0.000615,219.68,140.2052,0.996984,S4I
2084,56.8023,355.3965,0.007284,256.6711,102.5143,2.005682,S4A
2130,56.7372,353.7646,0.00391,326.0318,33.717,1.882487,S4A
2146,24.9859,286.307,0.001078,241.056,118.8881,14.417721,S45
2159,53.737,115.3137,0.002418,280.0662,79.6479,1.880931,S4A
2180,24.9696,247.226,0.004327,73.8871,286.6409,14.434438,S45
2206,10.3622,49.9243,0.000256,302.696,57.2441,1.001773,S4I
2217,53.4909,172.7639,0.00049,288.9691,70.9507,1.889465,S4A
2227,89.9532,159.9707,0.000214,58.5032,301.6372,14.759239,S43
2229,28.9979,202.7501,0.000379,293.3568,66.6632,14.596885,S45
2234,17.959,22.895,0.728482,247.108,35.989,0.076173,S4V
2252,1.1498,261.3812,6.1e-05,332.4306,344.9011,1.00277,S4G
2259,94.0098,117.4868,0.000235,63.2132,296.9335,14.908647,S43
2260,98.5194,257.501,7e-05,148.2717,211.854,14.26132,S42
2266,53.5849,168.1764,0.010511,271.1491,87.6227,2.005719,S4A
2280,6.9849,68.3792,0.000369,16.2941,343.642,0.995441,S4I
2284,0.4838,230.4394,0.000155,163.7126,265.4361,1.0027,S4G
2305,6.6791,66.9101,0.000792,322.2256,37.6462,0.994093,S4I
2309,7.5746,66.6674,0.000157,115.4209,43.4589,0.992997,S4I
2312,55.6838,49.914,0.019791,81.1752,281.1239,2.00565,S4A
2336,0.048,140.8525,0.000373,296.7148,175.3172,1.002741,S4G
2346,32.0616,17.4077,0.064143,271.5296,81.1972,12.740289,S45
2359,7.0812,67.8218,0.0016,37.5172,322.5354,0.999784,S4I
2371,54.0304,106.7412,0.008696,70.3762,290.5674,2.00575,S4A
2386,0.0187,138.6332,0.000307,330.1624,17.1425,1.002698,S4G
2388,0.0168,89.4706,0.00029,15.5777,185.6973,1.002704,S4G
2397,0.0447,59.9756,0.0001,9.1728,216.9865,1.002636,S4G
2406,82.5504,96.0925,0.002137,228.6797,131.252,13.835262,S45
2411,0.0161,72.377,6.2e-05,290.1376,54.2104,1.002696,S4G
2417,0.0364,291.5746,0.000188,55.9166,344.4853,1.002689,S4G
2431,8.6123,61.9435,0.000366,356.1798,3.7895,1.002714,S4J
2444,98.578,195.4275,0.000124,85.0903,7.1924,14.299828,S42
2452,98.3839,147.7509,0.000778,199.269,160.8199,14.292422,S42
2454,100.3363,10.5341,0.000789,218.2221,141.8349,13.440027,S42
2468,98.3787,148.9723,0.000852,194.7301,165.3633,14.294914,S42
2472,98.6474,260.0877,0.000162,122.0079,357.906,14.200647,S42
2479,98.3751,149.9489,0.000904,170.6219,189.5174,14.301253,S42
2480,31.5801,267.4199,0.119705,45.8195,322.8346,0.819266,S4W
2495,98.3721,148.7906,0.000998,169.5234,190.6126,14.297953,S42
2511,98.3655,150.0509,0.000978,165.9492,194.1943,14.301924,S42
2525,10.0842,51.8178,0.000347,164.39,195.6168,1.002625,S4J
2536,54.0009,232.5346,0.007964,20.3998,339.992,2.005485,S4A
2557,3.4709,77.2005,0.000473,203.9599,155.7273,0.99462,S4I
2559,0.0078,63.2411,0.000167,41.9735,191.7663,1.002711,S4G
2610,0.0324,75.3906,0.000263,41.7215,123.3438,1.002699,S4G
2613,101.4641,219.5303,0.001168,223.4561,136.5585,12.535737,S42
2642,4.3013,75.251,0.000425,15.9091,155.4124,1.002733,S4J
2644,6.4788,69.9089,0.000274,50.344,309.5909,0.989539,S4I
2676,53.4895,169.576,0.006154,265.8767,93.3957,2.005566,S4A
2703,4.8686,78.6612,0.000644,150.1287,209.7409,0.989039,S4I
2725,0.0146,22.7598,0.000322,87.3444,184.4049,1.002735,S4G
2751,0.0375,84.3414,0.000146,25.1692,162.9379,1.002715,S4G
2770,0.0144,357.1111,0.000175,118.1082,172.897,1.002712,S4G
2876,0.0623,252.099,0.000464,285.2597,159.7212,1.002669,S4G
2990,3.5773,76.7631,7.4e-05,2.4623,354.9339,1.00273,S4J
3001,69.9309,47.8782,0.094155,148.7602,217.3114,13.567759,S45
3014,1.5039,82.1122,0.000843,168.3691,41.285,0.986345,S4H
3026,9.3428,58.2519,0.000331,96.1221,263.9027,1.002302,S4I
3043,3.8667,76.3923,0.001467,298.8852,60.7707,0.990506,S4I
3054,0.0095,292.6358,0.000207,209.5185,236.9078,1.002712,S4G
3056,3.1222,332.6242,0.000452,127.5759,119.631,1.002722,S4J
3058,56.0559,166.4874,0.000935,321.7467,38.1436,1.701885,S4A
3085,0.5781,84.5143,0.000501,16.1098,198.2535,1.002708,S4G
3101,0.05,320.0451,0.000125,89.073,155.1475,1.002705,S4G
3111,0.0249,104.7861,0.000224,330.1821,143.5035,1.002726,S4G
3124,4.2109,75.3549,0.000939,323.6289,36.1154,1.002899,S4J
3129,82.9885,330.8385,0.093181,113.0923,257.1118,13.44569,S45
3135,0.018,26.2404,0.000203,107.4807,151.9459,1.002692,S4G
3143,0.0453,181.3525,0.000251,287.0862,187.3329,1.002714,S4G
3309,7.2648,67.1213,0.00038,68.0065,291.9678,0.998233,S4I
3328,0.0207,281.3979,0.000298,196.2474,149.9737,1.002693,S4G
3340,0.0331,65.0623,0.000292,39.5257,335.071,1.002704,S4G
3372,3.9226,76.0395,0.001852,209.7662,333.8818,0.98584,S4I
3437,5.8034,72.6535,0.000617,170.8398,189.0686,0.98434,S4I
3440,3.5638,76.9948,0.000122,10.3737,198.3264,1.002735,S4J
3445,5.5333,72.1026,0.000113,45.0662,127.0809,1.002699,S4J
3483,97.4436,195.2036,0.000158,84.3937,13.7875,15.191481,S42
3486,98.2058,138.697,0.00019,237.8501,122.2571,14.701605,S42
3488,98.7217,247.6249,0.000127,93.8249,266.3084,14.21481,S42
3490,97.9959,70.1992,0.001304,145.3899,214.8165,14.631095,S42
3491,73.9334,141.2131,0.000929,277.3091,82.6953,14.747715,S45
3498,98.7178,195.376,0.001084,68.619,291.6145,14.200975,S42
3501,20.5555,53.5739,0.001433,86.5874,273.6149,14.924161,S45
3517,0.0873,216.0046,0.000186,294.6364,108.5089,1.002755,S4G
3522,98.9461,260.9821,0.001043,90.0687,270.1671,14.137444,S42
3669,9.7369,55.7343,0.000365,71.0614,229.1272,1.002628,S4J
3682,82.9239,183.5471,0.003763,352.2653,7.7918,13.717621,S45
3703,98.2123,140.5642,0.000378,269.8777,90.1973,14.702385,S42
3720,0.0175,43.061,0.000266,70.4151,102.0943,1.002694,S4G
3819,94.0197,130.2181,0.000989,282.8495,77.1448,14.971224,S43
3833,69.9837,300.386,0.001015,28.9562,331.2025,14.553948,S45
3844,14.4233,6.5933,0.000215,242.9436,117.0545,0.989516,S4I
3886,98.0765,84.2528,0.001829,146.5395,213.6966,14.616495,S42
3901,0.0102,19.993,0.000246,86.6504,222.8484,1.002724,S4G
3913,4.4356,74.9099,0.000333,314.9053,44.8965,0.98799,S4I
3919,0.0514,236.9688,5.5e-05,86.3494,23.7108,1.002703,S4G
3947,98.345,206.7936,9.9e-05,78.477,281.6519,14.217934,S42
3952,97.967,74.8976,0.000381,244.9794,115.1015,14.655304,S42
3953,2.9931,78.8913,0.000363,211.7389,147.9577,0.991497,S4I
3957,97.3614,254.5681,0.000903,98.457,5.0911,15.226764,S42
3960,98.1277,125.3585,0.000265,65.1595,294.99,14.638393,S42
3961,66.0259,72.8996,0.00061,282.9363,80.4934,12.809638,S45
3968,97.7289,208.0265,0.000386,159.5892,200.5518,14.956392,S42
3971,39.9977,59.0381,0.002437,106.3811,253.9657,14.820829,S45
3986,98.2326,131.4418,0.000124,79.2286,280.8989,14.570912,S42
4013,2.3868,315.5548,0.000238,159.1831,95.836,1.002733,S4J
4020,98.2192,292.2872,0.000744,138.8229,221.3585,14.847021,S42
4021,98.2822,282.9642,6.1e-05,129.9638,230.1611,14.508551,S42
4023,98.5471,255.0619,9.3e-05,89.811,270.3179,14.322493,S42
4033,55.9779,201.6063,0.002447,222.5516,137.3157,1.708967,S4A
4036,109.8467,94.0821,0.004464,265.2577,94.3075,6.386648,S4A
4043,97.4503,255.6614,0.000537,325.2694,115.9317,15.12531,S42
4045,0.0156,7.6753,0.000207,58.3045,240.3034,1.002716,S4G
4047,97.9929,69.141,0.001169,148.2852,211.906,14.629707,S42
4057,0.0339,305.4328,0.000345,176.8598,211.1013,1.002735,S4G
4058,0.0767,31.6941,0.000281,60.2547,241.4542,1.002735,S4G
4059,0.0907,111.4129,0.000174,16.1022,166.5577,1.002715,S4G
4062,0.0323,97.2387,7e-05,228.6886,274.182,1.002688,S4G
4067,0.9873,82.7022,0.000552,15.3168,231.5999,1.002712,S4G
4069,0.0262,257.801,0.000287,208.3958,183.1592,1.002715,S4G
4113,0.0756,36.0109,0.000434,50.8485,266.1931,1.002732,S4G
4115,0.0462,160.0049,0.000194,335.2921,131.1517,1.002701,S4G
4117,82.483,122.7905,0.002443,189.3913,170.6709,12.445203,S45
4118,82.482,121.9833,0.002529,191.9,168.1487,12.44815,S45
4119,63.4439,195.9581,0.028343,353.1326,6.5786,12.067592,S45
4122,0.0304,61.7607,0.000296,54.6314,263.7811,1.002703,S4G
4123,0.047,88.2725,0.000766,0.6933,177.7506,1.002711,S4G
4126,82.9345,132.0334,0.00358,179.4387,180.6808,13.725024,S45
4128,97.1531,233.9551,0.000827,331.0947,128.679,15.244409,S42
4132,55.3419,113.0816,0.004884,330.9611,28.7638,2.005698,S4A
4139,1.9615,278.7912,0.00023,160.0024,158.0194,1.002725,S4G
4142,97.9674,42.1637,0.004246,206.3901,153.5132,14.549747,S42
4143,64.5606,349.521,0.00854,276.9199,82.2176,14.723543,S45
4147,64.5607,324.6586,0.006994,268.3453,90.9606,14.743551,S45
4148,97.9932,69.1487,0.001199,82.8775,277.379,14.6297,S42
4150,0.0144,16.7739,0.000263,91.3081,268.7391,1.002726,S4G
4156,64.5601,354.3262,0.008619,275.7086,83.419,14.713662,S45
4157,64.5593,13.2747,0.009493,278.7566,80.2779,14.692955,S45
4160,0.0322,90.5623,0.000286,329.0097,287.7902,1.002697,S4G
4161,0.4815,90.9213,0.000247,293.8006,173.0702,1.002434,S4G
4164,98.7458,193.5755,0.001373,330.1191,29.918,14.183169,S42
4165,39.7532,173.3304,0.019711,349.0597,10.594,14.723538,S45
4169,0.0167,280.2202,0.0003,172.7732,262.4291,1.002714,S4G
4171,53.6295,233.404,0.014174,205.8907,153.4603,2.005588,S4A
4178,0.0088,290.4602,0.000452,185.4019,105.6597,1.002705,S4G
4181,65.2018,305.4716,0.727971,271.859,36.8223,2.004273,S4K
4182,64.7307,175.8604,0.000145,213.6763,250.6714,2.131023,S4A
4184,64.7429,175.8967,0.000622,289.2703,175.5339,2.131026,S4A
4186,64.7332,175.8338,0.001662,162.0884,350.8135,2.131016,S4A
4188,64.5593,300.042,0.005532,258.7102,100.7763,14.766926,S45
4189,0.0257,278.0925,0.000578,217.0648,139.3265,1.002699,S4G
4192,0.0166,359.1527,0.000376,138.5575,107.0653,1.002737,S4G
4197,96.8252,60.1173,0.022335,210.0842,148.7423,15.378724,S42
4202,98.3342,247.799,0.000219,137.0292,223.1058,14.35335,S42
4206,99.5296,202.4837,0.002108,195.015,165.0364,13.713689,S42
4207,97.3045,259.769,0.000179,104.2957,12.3219,15.260187,S42
4208,97.3007,260.144,0.000192,91.8486,15.8765,15.281477,S42
4212,88.816,338.7974,0.741502,349.2991,0.8431,2.115335,S4K
4216,0.0365,104.319,0.000126,153.4053,108.9238,1.002693,S4G
4219,14.0379,8.1468,0.000172,267.5045,92.4966,0.999668,S4I
4231,97.1054,252.7106,0.000124,106.3658,357.8261,15.395456,S42
4234,100.2953,195.8761,0.036828,186.3944,173.2403,13.125611,S42
4246,3.3615,287.3118,0.831553,95.1963,352.5169,1.01849,S4D
4257,7.111,67.7356,0.000588,170.7205,189.2307,0.998851,S4I
4289,5.8331,73.0573,0.000531,176.1007,183.781,0.997744,S4I
4301,98.6973,261.4418,0.000146,104.3403,30.3571,14.200378,S42
4321,98.2299,131.3706,0.000158,76.4006,283.738,14.570865,S42
4333,3.6067,76.5412,0.000245,339.805,19.957,1.002902,S4J
4335,13.5793,358.7302,4e-05,173.4196,130.055,1.002695,S4J
4347,0.0668,101.8352,0.000128,204.0103,338.1305,1.002681,S4G
4353,98.5202,133.828,0.000638,52.5177,307.6582,14.255043,S42
4354,2.6291,78.6573,0.000487,14.7163,110.5416,1.002702,S4J
4365,22.9823,335.9596,0.000738,346.7019,13.3264,15.268097,S45
4385,2.6328,78.7944,0.000701,233.8242,125.7749,0.991294,S4I
4387,1.5251,82.1248,0.000399,219.6942,139.6668,0.992587,S4H
4389,0.7284,83.8229,5.4e-05,359.2425,254.1465,1.002743,S4G
4391,34.9586,50.9043,0.000316,34.6412,325.4507,15.248179,S45
4393,98.6845,260.2554,0.000124,63.1284,297.0011,14.200488,S42
4394,0.038,131.2812,4.5e-05,320.7379,242.2166,1.002716,S4G
4406,1.4702,82.0307,7e-05,347.0681,220.7046,1.002698,S4G
4452,0.0156,11.4805,0.00024,88.5147,231.7343,1.002719,S4G
4460,63.8586,79.8991,0.687143,278.6918,1.4144,0.378058,S4V
4465,98.8797,239.8773,0.000776,50.0067,310.1776,13.988201,S42
4495,98.3437,178.4808,0.000358,146.2397,213.9,14.216596,S42
4503,86.9782,16.2694,0.80801,272.1249,0.2266,0.33409,S4V
4515,98.0526,264.2473,0.000465,272.0164,88.0501,14.698933,S42
4538,99.0294,266.5158,0.000792,17.113,343.0316,13.97846,S42
4571,0.0108,34.7984,9.6e-05,52.1631,285.9009,1.002677,S4G
4582,0.0158,236.5079,0.000299,184.6704,185.2906,1.002715,S4G
4595,0.0099,284.6826,7.8e-05,206.6342,176.6353,1.002691,S4G
4600,98.0737,242.0038,0.002727,38.1674,322.1446,14.528959,S42
4604,64.8538,246.1489,0.711243,271.0849,38.6682,2.006522,S4K
4605,2.5318,75.2667,0.004571,192.0801,167.4783,1.004811,S4I
4626,0.0442,353.3458,2.8e-05,27.6156,309.0669,1.002718,S4G
4627,0.049,155.888,0.00038,307.294,316.633,1.002695,S4G
4628,0.1687,213.4945,0.000708,314.1827,130.7835,1.002723,S4G
4635,0.0542,289.2067,0.000119,82.5746,246.1569,1.002678,S4G
4636,98.7092,197.5675,0.001015,44.8551,315.3429,14.209246,S42
4644,82.9481,283.1941,0.003199,150.3324,209.9669,13.719456,S45
4656,31.4069,296.8985,0.000644,72.1003,288.0342,15.006362,S45
4661,0.026,233.2904,0.000181,218.926,273.2381,1.002713,S4G
4662,18.8625,213.8599,0.857106,43.286,357.8612,0.909643,S4A
4666,0.0378,198.5008,0.000308,250.7362,191.3189,1.002701,S4G
4667,64.8541,245.8772,0.711425,271.7158,318.4071,2.006172,S4K
4694,98.0772,68.8072,0.002955,346.2994,13.7405,14.521877,S42
4703,97.994,69.3118,0.001223,141.1314,219.0767,14.629595,S42
4704,54.136,294.4026,0.005108,256.5556,102.9058,2.005644,S4A
4711,97.9827,67.5307,0.001297,144.7214,215.4752,14.627614,S42
4713,0.0411,48.2036,0.000293,54.2109,170.1005,1.002715,S4G
4714,0.0518,262.5485,0.000274,202.4198,188.1847,1.002698,S4G
4717,0.053,267.114,0.000277,189.2823,161.7016,1.002701,S4G
4720,9.9657,320.0622,0.001448,35.1431,325.0322,1.002724,S4J
4721,0.0265,57.9512,0.000174,47.685,206.2482,1.002718,S4G
4722,0.0247,20.9272,7.4e-05,51.3924,205.7631,1.002686,S4G
4724,5.0608,82.634,0.000351,33.6166,241.7978,1.002614,S4J
4726,3.9883,73.2239,0.000491,14.5017,116.9914,1.002833,S4J
4729,28.3042,264.2874,0.722719,254.973,21.2599,2.35398,S4K
4730,28.4698,101.2929,0.719279,78.1346,347.9236,2.291895,S4K
4731,143.4659,14.6338,0.002623,33.6633,71.7581,15.052334,S46
4733,82.9503,338.0316,0.004607,182.5839,177.5091,13.747232,S45
4740,5.7079,71.5214,0.000844,252.1213,257.4042,0.992326,S4I
4751,0.0558,224.0513,0.000318,204.0098,244.3858,1.002715,S4G
4777,1.2303,260.6711,0.000272,230.6704,127.6695,1.002697,S4G
4782,3.6401,76.9132,0.000204,35.8347,216.3029,1.002708,S4J
4789,98.7201,195.9672,0.001011,77.5299,282.6998,14.202047,S42
4790,98.7085,197.4966,0.00101,45.2612,314.9362,14.209383,S42
4791,98.7157,195.6841,0.001075,65.1508,295.0777,14.203955,S42
4792,98.7089,197.5718,0.00103,44.2355,315.9637,14.209374,S42
4793,98.5388,235.9918,0.00982,210.8726,148.6664,14.384263,S42
4801,98.5829,262.5324,0.002176,338.4754,21.5498,14.280516,S42
4819,0.0069,346.6731,0.000263,112.8546,332.1338,1.002687,S4G
4830,98.5861,101.1695,0.035095,168.7266,192.2,13.529378,S42
4833,0.0363,239.0039,0.000472,214.3228,222.2966,1.002712,S4G
4846,82.9618,231.5244,0.200342,101.3381,281.8117,11.255456,S4A
4867,82.4693,119.2445,0.002234,3.5951,356.5288,12.450943,S45
4868,82.4697,118.4549,0.002266,7.2769,352.8638,12.454134,S45
4872,0.79,232.3016,0.000338,204.1662,169.847,1.002728,S4G
4873,0.0599,350.8216,0.000336,127.7472,225.9008,1.002714,S4G
4874,0.0642,354.7431,0.000318,113.1189,226.2211,1.00271,S4G
4887,0.0452,341.2099,0.000281,236.8552,75.9966,1.002691,S4G
4891,0.0248,42.8261,0.000179,63.6496,205.5717,1.002729,S4G
4898,98.7149,196.5911,0.001104,62.3005,297.9284,14.205867,S42
4900,25.5822,158.6694,0.001477,135.8162,224.3574,15.048542,S45
4901,82.4668,178.0377,0.000832,37.0491,323.1168,12.553752,S45
4909,98.4312,247.6564,0.000937,165.0243,195.1217,14.279894,S42
4910,98.449,251.7169,0.000982,178.2584,181.863,14.285325,S42
4913,54.3781,109.6901,0.010519,78.8687,282.3162,2.005578,S4A
4920,0.0163,111.1173,0.000256,338.0544,172.3662,1.002749,S4G
4927,0.0428,105.2554,0.000447,346.1282,199.0746,1.002699,S4G
4928,98.1642,207.3198,0.000604,48.7533,311.4177,14.344252,S42
4930,8.8774,60.6194,0.00061,166.5227,193.4741,1.003323,S4I
4952,0.7117,84.1683,7.3e-05,307.9137,251.4076,1.002694,S4G
4963,0.0316,272.6859,0.000233,188.771,210.0475,1.002722,S4G
4977,98.8789,152.6974,0.001002,283.9733,76.0326,14.174547,S42
5031,31.2451,144.45,0.598439,209.0969,97.3364,3.817221,S4K
5043,97.9925,69.0351,0.00122,138.4481,221.7651,14.628767,S42
5048,0.0129,28.998,0.000229,53.8659,208.7116,1.002716,S4G
5058,0.0304,65.7639,0.000153,59.0795,246.2268,1.002721,S4G
5063,0.0317,206.7296,0.000456,258.0625,128.0878,1.002734,S4G
5064,98.7513,262.4176,0.000315,70.4591,289.6927,14.21612,S42
5072,98.9229,251.8961,0.000347,130.8616,357.3768,14.008039,S42
5075,97.8675,17.5376,0.000153,76.4211,283.7174,14.821698,S42
5078,98.4313,281.3537,0.001288,184.9201,175.1875,14.456241,S42
5081,2.2389,334.3009,9.5e-05,187.7667,119.7151,1.002669,S4J
5085,51.6371,229.3059,0.000315,85.1621,19.5605,15.755171,S45
5087,54.8574,175.9892,0.004909,324.1411,35.5117,2.005608,S4A
5093,0.3538,82.9388,7e-05,54.2203,204.0245,1.002718,S4G
5108,97.9871,67.9954,0.001539,167.3036,192.8547,14.628949,S42
5109,17.7963,9.0939,0.180869,284.184,56.3607,1.015261,S4D
5112,0.035,68.4791,0.000642,63.7446,201.1736,1.002737,S4G
5113,97.9927,69.1342,0.001429,138.5968,221.6323,14.632445,S42
5115,0.0484,248.6058,0.000203,282.3776,131.7399,1.002725,S4G
5138,64.2055,294.9246,0.003814,82.9592,77.738,2.131045,S4A
5140,64.2004,294.9154,0.004006,96.6573,324.7838,2.131041,S4A
5142,64.1897,294.8973,0.004496,102.0096,41.0259,2.131043,S4A
5144,0.0448,159.909,0.00011,6.3947,45.8435,1.002726,S4G
5154,67.0805,118.1324,0.001005,298.3165,61.7006,15.414357,S45
5162,0.0305,310.0296,5.8e-05,48.0672,316.2722,1.002667,S4G
5167,0.0261,9.0606,0.000235,88.3054,231.9031,1.002709,S4G
5170,97.9655,255.8277,0.000135,91.4461,268.6893,14.702244,S42
5171,0.0228,328.2274,0.000158,115.3377,202.6604,1.002687,S4G
5174,98.0933,82.4857,0.001576,352.9622,7.1351,14.600451,S42
5176,0.0625,263.2071,0.000156,269.9926,115.4365,1.002679,S4G
5179,98.065,218.5622,0.007236,77.7138,283.2136,14.432775,S42
5180,2.1209,79.9425,0.000613,127.7884,231.8076,0.992352,S4I
5189,98.0696,212.1767,0.008496,93.146,267.9453,14.406128,S42
5192,98.0685,236.343,0.00352,37.9142,322.4541,14.506001,S42
5193,98.0613,224.174,0.006016,63.4502,297.2801,14.457023,S42
5195,0.0378,317.864,0.000218,98.168,234.4184,1.002705,S4G
5206,86.393,244.2604,0.000252,83.5072,276.6364,14.342204,S43
5211,0.0194,40.4701,0.000292,74.9541,128.2293,1.002686,S4G
5215,0.5269,77.9604,0.000223,63.9691,121.1403,1.002641,S4G
5218,82.9591,246.4511,0.003806,215.0325,144.8328,13.758334,S45
5221,86.3935,244.3798,0.000245,91.0173,269.131,14.342203,S43
5232,70.9985,103.151,0.001463,348.084,11.9932,14.111167,S45
5233,0.0128,89.227,0.000487,183.7258,297.2861,1.002715,S4G
5235,86.3931,244.3758,0.000241,94.5954,265.5492,14.34221,S43
5236,98.2365,189.1343,0.000818,164.9721,195.1735,14.574748,S42
5240,0.0382,174.0031,1.3e-05,50.8728,63.5587,1.002713,S4G
5242,48.2305,271.7766,0.004944,301.7082,57.9047,15.576733,S45
5245,97.5423,237.7122,0.001049,261.9302,98.0681,14.885276,S42
5250,97.5377,236.0652,0.001028,266.7239,93.2816,14.878205,S42
5251,0.0068,277.4366,0.000321,190.4112,189.3919,1.002703,S4G
5252,0.0387,75.1818,0.000181,57.0627,136.1006,1.00264,S4G
5253,86.3931,244.5484,0.000364,103.6457,256.5161,14.342204,S43
5265,86.3924,244.1699,0.00024,87.47,272.6773,14.342199,S43
5282,0.0227,107.9233,0.000243,8.3746,225.0536,1.002712,S4G
5284,0.0188,358.6057,0.000227,89.0623,226.8176,1.002722,S4G
5287,0.814,83.694,0.000284,6.3546,182.8426,1.002699,S4G
5289,0.015,10.5215,0.00019,124.8175,154.6917,1.002692,S4G
5298,97.9065,260.7343,0.00021,89.9263,270.2187,14.826409,S42
5304,0.0138,78.8645,0.00026,20.0558,217.561,1.00271,S4G
5311,82.4835,111.2792,0.001438,229.1707,130.8124,12.455491,S45
5312,55.6579,352.1911,0.005591,160.4396,199.7798,2.005582,S4A
5319,98.2312,281.327,0.035302,112.2991,251.5997,13.877199,S42
5321,98.1841,261.7651,0.000215,96.7606,263.3828,14.595574,S42
5325,0.0103,345.9988,2.5e-05,269.9177,68.3804,1.002693,S4G
5352,86.3944,275.7268,0.000254,82.7001,277.3941,14.342177,S43
5365,86.4256,315.8947,0.000362,18.8306,341.3286,16.236741,S43
5366,97.9918,248.2919,0.001741,74.767,285.5477,14.81288,S42
5381,86.3943,275.7609,0.000246,88.2022,271.9449,14.34221,S43
5382,0.0235,287.4133,0.0001,152.0256,111.4448,1.002718,S4G
5390,0.051,138.0705,0.00012,339.579,98.255,1.002737,S4G
5392,54.0414,231.4554,0.008702,149.7028,210.8712,2.005553,S4A
5400,6.6894,116.6174,0.725045,125.3166,324.6233,2.31874,S4K
5401,86.3944,275.761,0.000242,89.324,270.8075,14.342161,S43
5403,0.2824,79.3304,0.000559,41.7478,167.272,1.002733,S4G
5408,0.0412,107.0478,0.000106,81.7773,56.4637,1.002706,S4G
5409,1.0144,0.1472,0.532806,186.4789,158.6847,1.942088,S4K
5415,86.403,276.2733,0.000299,112.6211,247.5234,14.352409,S43
5416,12.9234,22.5292,0.000506,23.9656,336.0781,1.001568,S4I
5420,97.9907,248.0373,0.001672,75.7147,284.5926,14.813647,S42
5421,98.1317,124.4543,0.000176,66.3257,293.8132,14.638202,S42
5422,96.5735,77.1593,0.024972,25.8646,335.4819,15.033404,S42
5423,98.2331,128.9135,0.00012,87.7389,272.3961,14.570907,S42
5429,86.398,307.4255,0.000251,91.877,268.2691,14.342162,S43
5440,86.3967,307.3719,0.000254,88.2115,271.9412,14.343934,S43
5451,86.3969,307.4545,0.000232,89.2255,270.9221,14.342167,S43
5472,0.009,293.4543,0.000186,155.7421,197.6129,1.002692,S4G
5483,98.3076,305.4452,0.000138,161.6592,198.4705,14.599489,S42
5495,14.642,14.697,0.066973,359.14,11.573,0.889242,S4W
5519,86.3967,181.1391,0.000253,84.2149,275.9309,14.342169,S43
5530,86.3965,181.1394,0.000251,80.1419,280.0031,14.342172,S43
5531,98.2048,78.4083,0.001868,44.511,315.7609,15.020521,S42
5544,86.3977,181.3839,0.000248,77.6735,282.4708,14.342173,S43
5555,86.3965,181.0271,0.000256,80.904,279.2422,14.342169,S43
5566,86.3977,181.4347,0.00025,81.8099,278.3369,14.342171,S43
5638,86.3943,212.6397,0.000257,84.3198,275.8229,14.342192,S43
5639,11.9361,35.2516,0.000633,181.532,178.4887,1.001408,S4I
5899,86.3952,212.5866,0.000247,81.451,278.6949,14.342191,S43
5910,86.3947,212.7535,0.000243,85.77,274.3716,14.342195,S43
5921,86.3947,213.5288,0.000268,85.9557,274.1941,14.342169,S43
5932,86.3944,212.7532,0.000248,81.8539,278.2863,14.342191,S43
5943,86.3944,212.7451,0.000248,85.5317,274.6111,14.342191,S43
5964,82.9201,213.363,0.004061,20.9906,339.2906,13.796347,S45
5975,0.0201,62.1775,0.000323,23.7696,229.4693,1.002715,S4G
6001,86.3933,244.2215,0.000246,85.3304,274.819,14.342199,S43
6002,11.8827,36.5485,0.000215,250.567,109.4199,0.999139,S4I
6132,86.3934,244.2727,0.00025,88.6808,271.4691,14.342205,S43
6143,86.3942,244.3051,0.000256,82.4693,277.681,14.342666,S43
6154,86.3932,244.3432,0.000248,85.0681,275.078,14.342193,S43
6166,86.3936,244.2827,0.000243,83.4066,276.7367,14.342206,S43
6188,0.0167,318.6399,0.000141,165.6062,230.7922,1.002699,S4G
6200,0.0462,228.1081,0.000347,236.0704,168.6539,1.002715,S4G
6224,2.4297,306.5732,0.000237,171.3036,171.1487,1.002692,S4J
6230,82.4841,111.7981,0.001202,231.3393,128.661,12.452289,S45
6231,97.7321,189.9867,0.000807,51.2811,308.9121,14.905625,S42
6234,97.7315,189.9269,0.002044,60.0434,300.2817,14.90588,S42
6252,86.3972,307.6479,0.000245,86.0148,274.1321,14.342163,S43
6265,86.398,307.4834,0.000249,92.6496,267.4965,14.342161,S43
6276,86.397,307.5323,0.000244,85.5452,274.6036,14.342165,S43
6287,86.3998,307.6593,0.000239,94.051,266.0923,14.34216,S43
6290,98.2063,138.8442,0.000297,234.9843,125.1165,14.701578,S42
6291,98.2175,142.5412,0.000776,259.698,100.3424,14.70158,S42
6292,98.2175,142.5733,0.001098,254.9233,105.0819,14.701582,S42
6293,0.0201,352.4744,0.000258,119.5425,248.0439,1.002711,S4G
6297,2.4656,224.6257,0.002099,164.6702,195.4098,15.096993,S44
6299,86.3969,306.8928,0.000314,108.6249,251.526,14.346571,S43
6300,70.9915,1.4078,0.001054,156.4283,203.7324,14.130254,S45
6301,97.4097,269.999,0.000708,92.5608,57.6671,15.210064,S42
6304,98.1883,188.1089,0.001023,206.6411,153.4262,14.576005,S42
6307,0.0293,81.654,0.00024,39.044,190.2949,1.002698,S4G
6308,98.4999,260.8364,0.025314,53.6341,308.7953,15.036507,S42
6315,100.1869,296.2355,0.003217,78.7301,281.7508,14.432483,S42
6319,13.0079,6.9138,0.031766,85.5349,278.1124,14.803248,S44
6320,100.217,325.6907,0.003306,156.0406,204.2297,14.401686,S42
6321,2.9262,78.1334,0.00041,34.0865,187.4983,1.002668,S4J
6323,64.0763,293.7522,0.000734,152.6295,209.5499,2.131029,S4A
6325,64.0878,293.7917,0.000437,168.3598,337.3737,2.131029,S4A
6327,64.081,293.7752,0.001187,157.6765,216.6526,2.131037,S4A
6330,64.7572,335.3658,0.732345,281.1764,309.4817,2.006498,S4K
6331,8.0188,74.1987,0.00035,119.0289,240.944,1.00335,S4I
6332,2.9589,92.7434,0.00023,74.7641,155.7475,1.002732,S4J
6334,34.9668,102.938,0.000133,276.6715,83.3853,15.561323,S45
6336,82.9507,318.0949,0.00388,290.3284,69.3734,13.873355,S45
6337,82.9501,318.7359,0.003668,294.2994,65.4352,13.869572,S45
6340,0.0295,181.7305,1.1e-05,300.2301,189.1293,1.00271,S4G
6341,69.9316,214.9547,0.015974,1.9278,65.3003,15.347793,S45
6343,0.015,4.9825,0.000246,89.7722,204.6902,1.00271,S4G
6346,7.1175,53.4366,0.69008,252.2842,26.145,2.780488,S4K
6347,98.0449,258.9152,0.004421,253.1611,106.471,14.625184,S42
6348,98.0407,255.5462,0.006945,262.5165,96.8096,14.579091,S42
6349,11.4445,41.8808,0.000898,332.4006,27.561,0.998474,S4I
6374,98.043,257.7503,0.005265,256.2414,103.2889,14.609684,S42
6375,98.0395,254.4197,0.007822,265.7513,93.4716,14.562696,S42
6376,98.0406,256.6499,0.006119,259.0246,100.4036,14.593909,S42
6394,86.3969,307.6334,0.000244,88.2455,271.9033,14.342164,S43
6411,97.7896,254.7981,0.002825,77.3693,283.0788,14.814833,S42
6418,86.3969,181.1416,0.000249,81.2286,278.9159,14.342173,S43
6423,97.7977,287.08,0.001071,289.3437,70.6624,14.9191,S42
6435,86.3963,181.1379,0.000245,82.3166,277.8284,14.342172,S43
6446,86.3967,180.9687,0.000246,76.0218,284.1249,14.342173,S43
6465,5.9125,327.4287,0.000315,127.4585,149.6531,1.002716,S4J
6488,12.9144,22.2402,7.8e-05,65.1067,294.9261,1.003121,S4I
6491,10.2133,286.1612,0.758525,47.1067,354.9874,1.126074,S4K
6500,0.0353,75.9825,0.000307,19.9288,230.1052,1.002711,S4G
6556,4.7125,58.9237,0.000382,338.6414,283.8457,0.991536,S4I
6567,0.0508,195.5236,0.00028,264.1538,325.8622,1.00272,S4G
6574,1.1942,80.2727,0.002043,313.2173,169.9313,1.003623,S4H
6578,97.9095,128.2235,0.000116,59.691,300.435,14.911667,S42
6580,97.9661,35.4139,0.004652,234.2077,125.4796,14.535551,S42
6582,0.436,351.9824,0.000292,122.457,95.2184,1.002733,S4G
6583,0.0718,212.5973,0.000453,262.9462,177.2521,1.002698,S4G
6585,98.0502,262.96,0.001417,249.1635,110.8051,14.679928,S42
6592,84.984,275.1055,0.000806,304.0066,56.038,14.466799,S45
6596,108.0585,268.0245,0.000212,253.9189,106.1713,14.315117,S46
6607,107.9741,135.1713,0.005017,166.5221,193.7248,14.253126,S46
6608,12.6307,29.6546,0.000986,30.7241,329.3566,0.988725,S4I
6834,107.9718,135.3278,0.004594,167.6528,192.5725,14.252741,S46
6845,52.0057,340.794,0.00022,141.6569,218.4465,12.379751,S45
6857,51.9984,212.3307,0.000333,243.231,116.8215,12.631442,S45
6869,52.004,277.7885,8.8e-05,107.7905,252.3009,11.614209,S4A
6881,51.9929,216.3452,7.4e-05,208.3391,151.7439,12.622663,S45
6893,86.395,275.8844,0.000249,93.0265,267.1189,14.342201,S43
6904,86.3953,275.9543,0.000247,86.9871,273.1606,14.342209,S43
6915,86.3948,275.905,0.000246,86.3957,273.7522,14.342206,S43
6926,86.3953,275.8646,0.000241,87.3631,272.7811,14.342197,S43
6935,0.0139,3.1182,0.000264,97.227,226.2916,1.002685,S4G
6939,86.3949,275.8952,0.000241,92.3999,267.7459,14.342176,S43
6940,12.22,31.233,0.000468,279.2679,80.7024,1.001594,S4I
6944,0.0792,71.4037,0.000165,45.6949,183.8964,1.002586,S4G
6953,0.0613,286.6001,0.00043,143.0289,173.9406,1.002709,S4G
6965,0.0328,26.1003,0.000238,65.7901,114.4653,1.002674,S4G
6974,0.0362,250.417,0.000175,239.2092,158.8838,1.002735,S4G
6981,2.3045,44.2237,0.000277,37.1109,191.7223,1.002771,S4J
6992,86.4448,244.3539,0.000251,86.6771,273.4695,14.429557,S43
7003,86.3934,244.3195,0.000247,88.3513,271.7964,14.342203,S43
7014,86.3944,212.6505,0.000251,80.2282,279.9075,14.342191,S43
7021,0.0131,32.5975,0.000224,81.8576,129.6338,1.002726,S4G
7026,86.394,212.7946,0.000252,80.6987,279.4487,14.342189,S43
7037,86.3951,212.9204,0.000235,82.9295,277.2112,14.342191,S43
7048,86.3968,212.9185,0.000267,58.7497,301.3958,14.342173,S43
7059,86.3942,212.6059,0.000255,86.9803,273.163,14.34219,S43
7060,12.4307,28.5104,0.000947,69.4972,290.6247,1.001634,S4I
7132,97.7154,36.4798,0.002188,340.7967,19.2429,14.986774,S42
7144,86.3981,149.449,0.00025,79.2252,280.9242,14.342168,S43
7148,98.2028,225.0102,0.000113,81.8075,278.3255,14.571298,S42
7156,86.3986,149.5809,0.000251,79.5633,280.58,14.34217,S43
7167,86.3986,149.6095,0.000249,80.0323,280.1189,14.342181,S43
7178,86.3982,149.4771,0.000247,77.3304,282.8133,14.342168,S43
7189,86.3986,149.552,0.000243,78.4556,281.6913,14.342169,S43
7200,86.3987,149.6347,0.00025,81.5506,278.5963,14.342167,S43
7211,86.3988,149.138,0.000249,80.5881,279.5612,14.342172,S43
7222,51.9916,225.8652,0.000981,132.7272,227.4419,12.383726,S45
7233,51.9991,262.1329,0.000132,156.8903,203.2021,12.622582,S45
7234,98.1478,254.9781,0.000784,91.7791,268.4304,14.571416,S42
7247,51.9979,261.668,0.000278,161.2826,198.8143,12.622619,S45
7258,51.9957,261.5752,5.3e-05,225.8076,134.2744,12.622632,S45
7269,0.071,87.6535,0.000461,10.3654,229.562,1.002714,S4G
7281,86.4004,177.7588,0.00026,118.2037,241.9421,14.370396,S43
7286,0.043,65.7774,0.000123,112.2258,116.5159,1.00269,S4G
7297,97.6375,172.3185,0.00172,278.1446,81.7841,15.008841,S42
7304,0.0115,279.6856,0.000238,160.256,117.0193,1.002713,S4G
7326,0.0823,252.2794,0.000277,156.7941,312.1189,1.002741,S4G
7328,98.554,179.9649,0.001041,352.1504,7.946,14.247119,S42
7331,0.0197,25.7212,0.000222,76.2628,134.835,1.002722,S4G
7332,97.8817,113.6872,0.003463,47.5109,312.8842,14.817556,S42
7334,54.9855,172.7141,0.003691,205.0752,154.7184,2.005524,S4A
7347,86.399,149.5976,0.000249,77.7062,282.4426,14.342169,S43
7348,98.0954,82.137,0.001772,353.9548,6.1444,14.596248,S42
7349,98.0939,81.7969,0.001745,352.8354,7.2568,14.59642,S42
7359,86.3984,149.0478,0.000247,78.0484,282.0999,14.342174,S43
7370,86.4447,141.1315,0.000275,91.6715,268.4803,14.470744,S43
7381,86.4502,149.7457,0.000259,80.0851,280.0642,14.42948,S43
7393,86.3985,149.7626,0.000248,81.2861,278.8595,14.342178,S43
7404,0.0385,232.5767,0.000312,215.2598,156.7727,1.002703,S4G
7416,0.0439,174.4201,0.000181,282.7612,237.193,1.002721,S4G
7425,0.074,256.4921,0.000332,198.686,171.554,1.002702,S4G
7436,98.0901,82.0105,0.001697,353.037,7.0582,14.597243,S42
7438,82.5885,261.0982,0.035498,312.9143,44.2634,12.217532,S45
7459,82.5789,256.0074,0.035536,305.1089,51.7142,12.223507,S45
7467,40.0255,178.4493,0.00054,239.2232,120.8051,15.590379,S45
7470,13.0467,18.3385,0.000777,35.4933,324.5706,1.002605,S4J
7516,27.301,240.93,0.971837,156.399,359.99,0.068866,S4C
7529,98.3875,232.9878,0.000201,110.7101,249.4294,14.241637,S42
7540,98.3786,231.8575,0.00033,120.0373,240.1136,14.243,S42
7551,98.3741,227.9073,0.000309,146.8633,213.2751,14.237586,S42
7562,98.362,222.9231,0.000155,143.1114,217.0176,14.231447,S42
7568,98.1098,302.2717,0.016211,329.9289,29.2696,15.579766,S42
7570,0.0137,348.794,0.000114,94.26,296.9219,1.002716,S4G
7572,64.8677,175.2206,0.001654,145.2419,320.0435,2.131026,S4A
7574,64.884,175.2203,0.00211,329.5048,204.1247,2.131032,S4A
7576,64.8657,175.213,0.000993,321.7914,197.2211,2.13102,S4A
7578,82.4649,178.4164,0.000782,23.7773,336.3673,12.550582,S45
7581,98.3629,222.1251,0.000181,119.5691,240.5658,14.226709,S42
7593,98.376,229.5009,0.000271,110.1996,249.9483,14.239154,S42
7604,0.0537,67.6699,0.000308,359.6933,219.687,1.002732,S4G
7612,98.0985,82.2682,0.001769,352.2638,7.83,14.596807,S42
7630,44.999,72.3861,0.000191,64.1975,295.9065,14.274688,S45
7631,11.2163,42.8887,0.00088,292.7511,67.1768,0.987648,S4I
7644,44.9979,67.6611,0.000336,70.4467,289.6739,14.274783,S45
7655,44.9986,72.6893,0.000267,62.645,297.4682,14.274798,S45
7666,44.9987,72.8137,0.000207,51.3893,308.7127,14.274686,S45
7677,45.0013,73.6025,7.6e-05,69.9614,290.1313,14.274726,S45
7684,105.6509,183.5557,0.236513,259.3034,73.5193,10.594837,S4A
7686,105.6653,195.4661,0.235605,249.3427,84.0639,10.6924,S4A
7687,105.6777,192.59,0.236175,253.1783,79.8729,10.660633,S4A
7689,45.0012,73.7565,0.000191,92.2471,267.8593,14.274731,S45
7690,71.9814,4.233,0.005156,17.861,342.4306,14.270673,S45
7693,71.9709,280.0323,0.004578,326.5507,33.2705,14.27051,S45
7696,72.0212,67.2541,0.003555,32.7044,327.6255,14.270648,S45
7699,72.0116,277.3493,0.005389,304.6038,54.9969,14.539246,S45
7702,72.0087,336.9408,0.007056,261.267,98.0446,14.270599,S45
7705,72.0372,37.7156,0.00411,3.6142,356.5242,14.270733,S45
7712,45.0008,73.6594,0.000135,41.1563,318.9383,14.274766,S45
7723,45.0023,69.3725,0.000252,83.4626,276.6517,14.274731,S45
7745,86.3973,180.7856,0.000203,85.6712,274.4668,14.342169,S43
7750,35.4339,35.9994,0.000253,166.4689,193.6095,15.025296,S45
7763,86.3965,181.1029,0.000214,67.9407,292.1989,14.342175,S43
7764,15.3842,15.7445,0.002934,105.6429,254.7055,0.974567,S4I
7780,0.049,276.5921,0.000334,175.2257,149.542,1.002695,S4G
7788,97.4101,308.4735,0.000786,153.0791,354.9872,15.212875,S42
7790,97.817,185.5411,0.000122,105.3384,254.7973,14.802988,S42
7792,98.2327,131.3876,0.000136,93.788,266.3493,14.570895,S42
7794,78.8969,77.7538,0.005547,146.0684,214.4083,15.456736,S45
7796,0.0158,13.9889,0.00034,93.5654,184.2354,1.00269,S4G
7812,97.865,246.531,0.001294,332.7454,27.3071,14.802188,S42
7822,86.3969,307.4574,0.000271,107.1885,252.9626,14.342168,S43
7833,86.3976,307.4305,0.000243,86.5878,273.5587,14.342158,S43
7847,86.3969,307.5992,0.000243,88.6912,271.4557,14.342163,S43
7850,65.0442,29.5375,0.00194,284.6362,75.2402,15.55004,S45
7860,86.3969,307.5038,0.000128,99.4232,260.7088,14.342161,S43
7871,0.019,14.8356,0.000342,86.3289,187.6158,1.002729,S4G
7878,63.514,215.2826,0.700041,287.258,70.5124,2.006161,S4M
7879,64.5128,19.1986,0.005776,262.1935,97.2638,15.032247,S45
7881,97.4323,310.2278,0.000426,11.3776,144.271,15.259417,S42
7888,45.0099,164.7652,0.000393,342.4043,17.6678,14.287903,S45
7899,45.0109,165.6329,0.000183,324.2361,35.8352,14.287869,S45
7910,45.0093,169.0287,0.000211,334.8456,25.2269,14.287893,S45
7911,56.9868,140.6172,0.0021,141.9108,218.3423,15.155432,S45
7925,45.0107,165.0234,0.000161,297.7857,62.2831,14.287862,S45
7936,45.01,164.2794,9.4e-05,36.3136,323.7768,14.287914,S45
7947,45.0089,156.3415,0.000387,114.2078,245.918,14.291317,S45
7958,45.0086,163.9751,0.000297,313.5903,46.4718,14.28787,S45
7969,45.0105,138.5421,0.000231,84.7835,275.3277,14.299577,S45
7991,0.0516,351.7368,0.000433,106.85,134.634,1.002731,S4G
8003,0.0473,153.8432,0.000281,322.1299,156.619,1.002733,S4G
8014,0.0663,0.1604,0.000425,91.059,112.2358,1.002742,S4G
8025,2.6584,30.4995,0.001214,264.0953,95.6427,0.981783,S4I
8026,11.228,43.25,0.002862,209.5668,150.2891,0.989072,S4I
8032,0.0148,313.0403,7.1e-05,289.8654,9.0286,1.002731,S4G
8041,24.9956,83.0081,0.001765,133.7761,226.4036,14.431038,S45
8056,98.0803,194.6175,0.001643,43.8211,316.4294,14.628406,S42
8058,55.4872,51.782,0.006888,290.199,69.1167,2.005533,S4A
8063,0.0121,338.1423,0.0003,105.3336,210.5834,1.002712,S4G
8066,97.6896,198.7705,0.00042,120.8334,239.3303,14.905979,S42
8070,97.6903,198.1789,0.000218,149.6921,210.4413,14.899083,S42
8075,31.4318,207.657,0.035492,195.3499,163.6117,14.282199,S45
8087,0.016,68.2781,0.000258,27.1687,222.4678,1.002714,S4G
8099,0.0345,4.113,0.000226,94.0769,149.2265,1.002722,S4G
8114,85.5643,117.1256,0.001062,358.4892,1.6303,14.977857,S43
8125,86.3946,275.1867,0.0002,98.9666,261.167,14.342187,S43
8136,86.3939,275.7113,0.000255,87.396,272.7459,14.342168,S43
8143,0.0027,312.5662,4e-06,339.2183,38.0507,1.002715,S4G
8145,55.2458,112.145,0.003586,303.9296,55.7397,2.005738,S4A
8152,86.3953,275.7585,0.000245,87.6761,272.4686,14.342214,S43
8153,0.0121,0.2077,0.000193,68.4122,310.4605,1.002713,S4G
8163,51.6409,274.7598,0.0009,343.0054,2.828,15.749475,S45
8165,10.9733,30.8551,0.002876,130.2371,230.004,0.98547,S4I
8170,98.0387,252.445,0.009339,271.1148,87.9335,14.534324,S42
8174,89.9114,15.0024,0.000625,135.6621,224.5028,13.980593,S43
8177,63.225,98.6202,0.711889,294.1982,21.9167,2.006177,S4M
8178,98.1142,252.696,0.002351,21.1088,321.764,15.264474,S42
8182,0.0812,88.9396,0.000241,344.5903,160.8427,1.002686,S4G
8185,65.1634,54.696,0.002496,354.7339,39.2241,2.131035,S4A
8187,65.1801,54.712,0.001829,166.2778,225.1469,2.131039,S4A
8189,65.1645,54.7013,0.001585,164.8307,221.8813,2.131039,S4A
8197,0.0361,84.5437,0.000169,356.3109,274.4049,1.002714,S4G
8202,12.1812,127.3279,0.904268,189.1252,353.9625,0.255631,S4V
8204,1.3684,279.1389,0.864635,42.3214,352.1668,0.50617,S4V
8206,4.9684,284.1996,0.754721,51.0369,340.2469,1.00274,S4D
8208,5.4973,283.2335,0.754875,52.0799,345.9286,1.002741,S4D
8212,69.9009,145.3403,0.000757,20.7246,339.422,14.86771,S45
8219,46.0296,37.5722,0.001097,130.5383,229.6419,15.235217,S45
8234,82.9471,233.045,0.002343,293.7761,66.0935,13.719512,S45
8255,97.9318,249.4293,0.000252,73.7329,286.4155,14.786331,S42
8267,86.5158,181.223,0.000264,81.923,278.2226,14.549386,S43
8278,0.3639,83.2513,0.001905,2.3475,274.6,0.991527,S4H
8295,82.932,9.4023,0.003083,323.3143,36.5909,13.726891,S45
8296,9.4751,57.9773,0.000741,256.5645,103.2853,0.997597,S4I
8308,64.1801,292.7162,0.001615,53.6809,306.5011,2.131026,S4A
8311,98.0373,251.5772,0.010136,273.8339,85.1269,14.519741,S42
8312,98.0404,251.5353,0.010108,273.9733,84.9904,14.520489,S42
8320,64.1736,292.6979,0.001168,46.4504,313.6797,2.131032,S4A
8328,98.0381,251.4453,0.010142,274.1098,84.8513,14.519577,S42
8333,64.1873,292.7281,0.000261,159.5847,200.4591,2.13103,S4A
8348,51.9945,351.7607,0.000231,85.2935,274.8192,12.622604,S45
8350,51.998,308.0037,0.00014,137.9272,222.1733,12.622613,S45
8352,52.0103,37.8704,0.000152,77.2526,282.8583,12.622541,S45
8354,52.0093,308.2374,9.4e-05,170.581,189.5099,12.622612,S45
8362,34.9647,116.9156,0.004808,341.4229,18.4709,15.00178,S45
8366,97.9915,248.7702,0.001699,73.9656,286.3427,14.814225,S42
8378,0.0485,210.167,0.000248,223.0522,185.8953,1.002745,S4G
8379,0.0432,45.8338,0.00033,40.5547,235.9513,1.007432,S4H
8381,141.7457,193.065,0.007462,310.2728,112.6821,15.186605,S46
8382,67.1366,306.8174,0.011276,99.8271,11.4945,16.092719,S45
8385,52.0087,175.2709,0.000938,130.6076,229.5607,12.62203,S45
8390,97.8819,302.4181,0.001994,83.3001,277.0468,14.756825,S42
8392,64.5115,49.7316,0.004297,312.5949,47.1544,15.028819,S45
8393,71.0244,52.6152,0.001103,188.9836,171.1094,14.125038,S45
8394,98.1966,318.7398,0.001502,329.8082,183.513,15.264444,S42
8397,51.9893,170.4318,0.000161,238.7853,121.2857,12.6226,S45
8408,51.9983,169.1028,8e-05,248.4128,111.6654,12.62259,S45
8415,0.0385,164.3615,1.5e-05,181.4923,356.3978,1.002715,S4G
8418,0.0441,105.5748,0.000201,336.3426,258.6409,1.002673,S4G
8419,0.037,201.5666,0.000593,293.5944,156.5089,1.002682,S4G
8421,52.0008,128.3634,0.000109,281.3746,78.6997,12.622607,S45
8432,0.0357,68.6999,0.000324,44.4353,183.6142,1.00271,S4G
8448,0.0453,152.3166,8.6e-05,305.1845,221.2963,1.002707,S4G
8459,99.0492,213.2675,0.000959,208.4582,151.6078,14.188929,S42
8468,0.0131,123.5828,1.9e-05,63.0065,97.0881,1.002712,S4G
8471,96.48,95.6408,0.014249,206.9799,152.3933,14.457636,S42
8474,98.0916,82.5241,0.001565,350.9233,9.1685,14.600324,S42
8484,96.4834,89.6318,0.014667,235.441,123.2883,14.43437,S42
8494,2.5055,229.1041,0.001312,182.0075,177.9959,15.090656,S44
8495,0.007,244.3246,0.000302,217.4402,235.4312,1.002714,S4G
8497,0.04,173.5619,0.000656,326.9642,178.9873,1.002746,S4G
8509,4.6556,53.2614,0.00021,49.4333,249.1158,1.002748,S4J
8521,97.3071,80.904,0.000717,336.0226,24.0695,15.538999,S42
8529,97.4659,262.5273,9.3e-05,56.9497,51.6786,15.242332,S42
8530,97.9921,248.0416,0.001624,74.9865,285.3144,14.813729,S42
8534,52.0116,331.8171,0.00013,148.2418,211.8513,12.386202,S45
8545,52.0104,305.6379,0.000237,134.0093,226.0967,12.622662,S45
8546,98.4347,199.0012,0.001462,337.8505,22.2035,14.152936,S42
8559,52.0068,307.372,0.000174,119.8629,240.2404,12.622596,S45
8570,52.0064,305.1631,0.000146,93.3239,266.7794,12.622665,S45
8575,6.0075,329.2747,0.000394,126.4064,174.9827,1.002699,S4J
8576,0.025,122.3717,0.00011,352.9313,120.4688,1.002694,S4G
8577,1.1574,275.3961,0.715536,125.0493,325.3196,2.232461,S4K
8578,0.0425,77.3941,0.000304,174.3093,59.4005,1.002711,S4G
8583,0.0672,339.367,0.000341,123.576,228.6521,1.002724,S4G
8585,51.9981,306.5822,0.000172,117.4189,242.6847,12.622596,S45
8586,51.9968,351.3563,0.000217,104.8345,255.2754,12.622692,S45
8587,52.0043,308.2174,0.000207,125.9,234.2056,12.622659,S45
8588,52.0045,37.5709,0.000139,43.2051,316.8923,12.622595,S45
8589,98.1923,255.6022,0.000136,110.6751,249.4583,14.57124,S42
8590,64.5585,93.3157,0.004039,233.9873,125.7516,14.787183,S45
8591,98.7219,164.0726,0.002213,110.5182,249.8365,14.077125,S42
8595,98.6905,166.1642,0.001722,157.956,202.2355,14.118788,S42
8599,97.2728,67.5977,0.000661,185.2273,174.8896,15.23706,S42
8601,97.729,144.4005,0.000678,47.8665,312.3101,14.444494,S42
8602,0.0286,95.7058,0.000225,36.1937,139.7347,1.00271,S4G
8604,98.6608,4.2345,0.001487,141.8689,218.36,14.525051,S42
8606,98.6638,355.6565,0.001496,163.8217,196.3458,14.508244,S42
8608,51.9984,349.2957,0.000185,82.8186,277.2893,12.622597,S45
8609,51.9973,351.3953,0.000136,86.0707,274.0307,12.622586,S45
8610,51.9983,351.4187,0.0002,83.2099,276.8987,12.622611,S45
8611,51.9935,351.1632,0.000187,74.2381,285.8691,12.622644,S45
8612,86.5171,149.6685,0.000336,70.4491,289.7081,14.549369,S43
8614,86.3988,149.5598,0.00029,29.8749,330.2594,14.342179,S43
8615,0.0761,152.2748,0.000366,147.4718,324.4292,1.002767,S4G
8616,98.6356,16.5718,7.5e-05,111.5113,248.6149,14.267736,S42
8617,64.0002,314.78,0.715142,268.3128,16.4269,2.006474,S4K
8618,51.9974,220.5708,0.00015,214.3233,145.7509,11.929546,S4A
8619,16.5908,13.8725,0.007578,126.866,233.8538,0.969628,S4I
8624,52.0029,34.0155,8.4e-05,56.72,303.3746,12.62259,S45
8625,52.0014,37.0312,0.000141,119.7086,240.3916,12.622666,S45
8626,52.0025,37.0046,0.000174,74.3965,285.709,12.622643,S45
8627,97.7502,178.2934,8.2e-05,103.9981,256.1315,14.735276,S42
8630,52.0058,80.3277,0.000109,359.9245,0.1621,12.622602,S45
8631,52.0061,83.3866,9.8e-05,42.4853,317.594,12.622672,S45
8632,52.0058,83.1793,0.000102,70.0352,290.0613,12.622594,S45
8633,52.0045,82.7137,6.5e-05,46.4917,313.5946,12.622666,S45
8634,0.0099,63.9031,0.000157,71.226,217.7199,1.002678,S4G
8636,52.0057,125.7824,6.6e-05,290.161,69.918,12.622599,S45
8637,9.9137,54.6729,0.000573,255.1446,104.7878,1.002724,S4J
8642,52.0064,125.736,5.9e-05,58.9767,301.1154,12.622602,S45
8643,52.0127,279.4191,0.000292,176.8052,183.2818,12.382656,S45
8644,52.0074,129.4757,7.9e-05,41.3422,318.7498,12.622547,S45
8645,82.9293,304.141,0.003008,259.744,100.0327,13.7427,S45
8646,0.0104,303.577,0.000141,235.5751,84.3834,1.002684,S4G
8648,7.8463,65.1402,0.00888,235.1442,123.961,0.998577,S4I
8649,4.5637,74.5791,0.000252,17.3212,216.7182,1.002694,S4J
8650,51.996,126.5917,5.8e-05,327.0365,33.0465,12.622597,S45
8651,51.9993,189.4334,0.000289,211.7182,148.35,12.399605,S45
8652,51.9972,126.9106,7.5e-05,305.1543,54.925,12.622575,S45
8653,11.0353,46.9356,0.000283,281.0165,78.9641,0.994678,S4I
8863,51.9979,169.0826,6.3e-05,252.414,107.6657,12.622655,S45
8864,0.0111,271.2049,0.000261,178.8621,223.7896,1.002735,S4G
8865,98.1083,263.2953,0.000185,93.0764,267.0636,14.644456,S42
8869,0.014,40.4957,0.00017,58.0438,163.2129,1.002721,S4G
8875,51.0503,220.9161,0.007988,33.0528,327.5005,2.005672,S4A
8883,0.0312,66.4835,0.000196,28.2667,143.2257,1.002692,S4G
8884,98.6431,336.2052,0.000933,80.9947,279.2239,14.499419,S42
8886,52.0043,263.0499,5.4e-05,112.1413,247.9476,12.622633,S45
8887,52.0058,259.7677,0.000185,142.4125,217.6864,12.622586,S45
8888,51.9968,216.9045,0.000105,332.224,27.8574,12.622619,S45
8889,11.728,37.2057,0.001323,214.7962,145.1372,1.004309,S4I
8891,51.9952,217.5148,0.000355,188.887,171.1935,12.622669,S45
8892,0.0607,53.3681,0.00039,147.1067,149.3557,1.002718,S4G
8893,0.0266,22.6651,0.00014,78.4975,219.9472,1.002714,S4G
8896,51.9955,35.918,9.7e-05,70.8085,289.2872,12.622637,S45
8897,51.9915,167.6655,0.000118,228.8179,131.2583,12.62259,S45
8898,51.9816,358.5169,0.000572,200.0491,160.011,11.766775,S4A
8899,1.777,25.1975,0.000199,66.7934,190.7071,1.002685,S4G
8902,98.3154,172.048,0.00015,24.9345,335.1965,14.776004,S42
8903,98.1867,248.1297,0.001087,164.8041,195.3491,14.853667,S42
8904,45.0365,328.8393,0.000393,236.0171,124.0273,14.286721,S45
8906,45.0281,326.7993,0.000313,242.5268,117.5212,14.286696,S45
8908,45.0286,326.2189,0.000307,246.552,113.5003,14.286666,S45
8910,45.0342,323.412,0.000329,230.8357,129.2211,14.286039,S45
8912,45.0425,324.8502,0.000672,165.7785,194.325,14.286715,S45
8914,45.0456,330.2162,0.000255,203.58,156.4927,14.2868,S45
8916,45.0445,331.1176,0.000506,205.282,154.7765,14.286736,S45
8918,57.2339,104.6286,0.581543,118.2027,355.582,0.501288,S4V
8919,98.4826,208.5686,0.00103,17.0152,343.1332,14.161308,S42
8920,98.2105,262.726,0.000153,74.4196,285.716,14.571144,S42
8924,98.0203,77.3065,0.002828,198.8592,161.1571,14.605043,S42
8925,11.3461,42.5513,0.001131,277.4893,82.3993,1.001023,S4I
8926,66.8325,13.8463,0.610925,301.4342,12.8092,2.004908,S4K
8930,0.1895,86.5543,0.000223,353.2594,280.1923,0.996455,S4H
8932,100.1879,280.5221,0.00352,119.2904,241.1809,14.388084,S42
8933,100.1916,268.0166,0.003716,151.2395,209.0846,14.358394,S42
8934,100.1922,264.9917,0.003832,160.4195,199.8464,14.353957,S42
8935,100.193,267.623,0.003725,155.051,205.2483,14.358977,S42
8936,0.0456,297.5437,0.000243,171.904,180.9802,1.002705,S4G
8937,100.1883,286.9544,0.003297,110.5043,249.9707,14.402394,S42
8938,51.9965,217.3819,0.000141,202.2249,157.8555,12.622652,S45
8940,52.009,353.3301,0.000274,105.2575,254.8593,12.622537,S45
8941,52.0062,260.8663,0.000172,172.6787,187.4104,12.622668,S45
8942,52.004,218.7691,0.000135,196.069,164.0135,12.622581,S45
8943,100.1777,281.7284,0.003612,106.9594,253.5555,14.40193,S42
8944,100.1857,302.1097,0.003326,64.7027,295.7616,14.447347,S42
8946,100.1826,280.3137,0.00359,116.2887,244.2001,14.395112,S42
8948,2.3705,79.8035,0.000222,78.3162,107.9641,1.0027,S4J
8951,97.1944,6.6668,0.001864,226.4516,258.4363,15.115235,S42
8952,0.037,249.801,0.000673,194.5025,225.7127,1.002702,S4G
8953,91.8328,209.0077,0.762326,325.0961,3.3814,1.686325,S4K
8954,90.036,21.177,0.017116,38.9534,322.3796,13.35239,S43
8957,1.815,81.1309,0.000276,20.0611,261.3685,1.002698,S4G
8959,0.4321,263.8179,0.00044,295.9275,97.5069,1.002712,S4G
8961,54.2459,290.9977,0.003404,76.7809,283.6339,2.005788,S4A
8966,0.0694,355.6242,0.000324,104.9142,181.6195,1.002735,S4G
8968,5.8364,69.7011,0.000228,319.6275,326.6688,1.002186,S4I
8969,68.9478,256.6677,0.078642,283.2183,68.2407,13.732743,S45
8972,0.1393,77.4169,0.000225,33.0606,133.9798,1.0027,S4G
8974,3.4701,76.8276,0.000397,188.6959,171.0493,1.001023,S4I
8976,10.7313,48.3469,0.000418,239.4494,120.5011,1.003025,S4J
9020,98.4217,207.0262,0.001535,208.1487,151.8888,14.640598,S42
9021,98.4467,204.0598,0.001519,233.9978,125.9815,14.626609,S42
9026,98.4125,207.2678,0.001168,188.3152,171.7879,14.650675,S42
9027,0.7555,148.6318,0.00039,312.4889,233.3726,1.002698,S4G
9030,63.0622,268.9307,0.268174,269.4703,60.1289,1.002743,S4E
9033,0.0486,272.3581,0.000244,196.5258,220.1133,1.00272,S4H
9035,87.2281,93.4827,0.000329,80.3936,279.7711,15.812542,S43
9037,55.2382,113.5654,0.014042,240.789,117.7966,2.005587,S4A
9042,103.6913,183.2835,0.793377,34.5254,0.8744,0.420661,S4V
9044,103.6778,183.2005,0.793161,34.6102,357.4908,0.420301,S4V
9046,0.0205,47.2184,0.000172,64.8412,134.9085,1.002688,S4G
9050,106.4098,186.3293,0.782913,31.6903,350.4994,0.421195,S4V
9052,99.8817,178.2884,0.783303,30.1203,355.1007,0.421211,S4V
9054,0.0565,171.0205,0.000899,251.2386,1.6905,1.00139,S4H
9056,0.0365,261.5579,0.000216,218.0936,124.1423,1.002723,S4G
9060,5.6514,71.4511,0.000556,354.7453,159.7686,1.002659,S4J
9063,97.0615,218.6732,0.000222,290.3626,69.7375,15.289901,S42
9067,63.6705,137.8761,0.270552,268.9753,60.2501,1.002838,S4E
9068,0.0745,1.4721,0.000555,94.7079,155.0785,1.002733,S4G
9073,0.0354,262.2602,0.00018,142.7656,222.824,1.002739,S4G
9074,99.1554,178.435,0.001068,164.8855,195.2626,14.12487,S42
9076,64.5583,101.7981,0.003141,333.931,26.021,14.805168,S45
9077,64.5597,60.6832,0.003206,315.0667,44.7938,14.84115,S45
9078,64.557,90.0232,0.003249,345.7,14.3167,14.822531,S45
9079,64.5573,66.9137,0.00319,321.4072,38.4757,14.832757,S45
9081,64.5583,117.0509,0.003257,342.4918,17.5077,14.793743,S45
9082,0.0147,298.236,0.00014,198.8053,193.312,1.002705,S4G
9083,8.5757,62.1986,0.000421,317.3329,42.5971,0.995595,S4I
9089,1.9504,257.6248,0.002388,283.9355,75.825,14.959182,S44
9090,64.5454,175.5843,0.000479,357.8407,157.6602,2.131027,S4A
9092,64.549,175.5792,0.00024,331.4546,28.5212,2.131029,S4A
9094,64.5292,175.486,0.005151,216.7102,230.0182,2.131004,S4A
9096,3.0896,6.6605,0.000445,237.7353,40.6365,0.989887,S4I
9097,0.0156,224.1454,0.000115,252.3915,189.4919,1.002695,S4G
9099,0.0044,359.6573,0.000192,106.2647,98.007,1.002716,S4G
9104,0.386,85.7515,0.00042,30.3237,165.9608,1.002701,S4G
9112,56.682,353.7381,0.003952,237.2014,122.4168,2.005606,S4A
9119,0.0133,128.2707,0.000298,188.4218,322.5661,1.002704,S4G
9123,11.1789,43.7672,0.00032,165.5103,194.4794,0.999375,S4I
9127,7.6077,73.8336,0.791772,98.5049,347.4228,1.255825,S4K
9131,7.0814,32.6184,0.734251,206.4589,81.0435,2.034574,S4K
9133,7.0644,33.2241,0.734638,204.9289,85.0697,2.03318,S4K
9135,98.1477,255.1538,0.000819,312.3691,47.6797,14.617657,S42
9137,97.9544,232.0576,0.00012,73.4059,286.7291,14.565488,S42
9138,95.3992,8.1482,0.071547,203.8459,152.7973,13.036975,S42
9139,63.8982,28.8141,0.269506,269.9507,59.5218,1.002704,S4E
9140,0.0824,214.4203,0.000348,317.8513,17.8209,1.002726,S4G
9141,0.0072,350.9957,0.000176,53.279,274.7796,1.002722,S4G
9143,2.079,337.9047,0.533341,350.7192,2.3663,5.217337,S4K
9144,1.1419,81.5242,0.000322,47.314,241.4495,1.002692,S4G
9147,54.273,294.0371,0.009613,218.0118,141.338,2.005611,S4A
9153,0.6269,82.6122,0.000633,35.2776,167.8931,1.002743,S4G
9154,2.8994,57.8738,0.000235,52.5032,164.9865,1.00271,S4J
9155,0.0685,355.4121,0.000334,100.7514,203.6293,1.002731,S4G
9157,0.0236,322.2731,0.000406,104.2129,192.9798,1.002685,S4G
9159,0.0592,268.6037,0.000118,19.1183,357.531,1.002683,S4G
9161,5.4015,70.659,0.0222,103.0623,130.1077,1.038215,S4I
9162,82.9255,37.8177,0.003169,294.1583,65.6255,13.737257,S45
9163,0.05,70.641,0.000444,6.349,227.643,1.002736,S4G
9164,27.8097,31.0262,0.944173,52.5765,32.2971,0.098161,S4V
9165,6.5898,74.0225,0.000238,56.063,201.4504,1.002714,S4J
9166,64.0968,243.639,0.712816,271.3025,48.2226,2.005993,S4K
9175,0.0567,344.8962,0.000389,112.0879,82.718,1.002716,S4G
9177,67.0004,215.3335,0.000697,307.6282,52.42,14.300261,S45
9179,67.0512,234.6576,0.00072,271.0302,88.9964,14.295265,S45
9180,67.0558,234.2165,0.000634,287.452,72.5888,14.295882,S45
9182,4.8592,76.7256,0.001681,25.0956,334.8151,0.977446,S4I
9184,97.5714,270.2428,0.001807,306.6343,53.321,14.997029,S42
9185,97.6709,256.9757,0.008321,73.1736,287.8575,14.895877,S42
9187,97.7813,318.3855,0.001583,176.6115,183.5259,15.134482,S42
9189,64.8332,182.346,0.693426,260.0631,79.9826,2.006414,S4K
9192,0.0244,351.9915,1.6e-05,172.1636,198.5971,1.002703,S4G
9195,63.8743,292.5151,0.000712,178.3105,329.5497,2.131027,S4A
9197,63.8778,292.5101,0.002703,208.9215,197.3278,2.131035,S4A
9199,63.8697,292.5245,0.000851,76.9876,283.1405,2.13103,S4A
9201,66.0425,68.5995,0.000785,266.5625,93.4497,12.809302,S45
9202,74.0753,313.0704,0.000137,179.2022,180.9132,14.840123,S45
9203,99.3083,51.4628,0.001313,213.0023,147.0306,13.687008,S42
9204,99.3069,57.5424,0.001895,219.5938,140.3825,13.700307,S42
9205,99.3003,57.1262,0.001986,218.38,141.5932,13.70094,S42
9207,99.2987,56.6176,0.001889,221.0214,138.9509,13.700253,S42
9208,98.7206,210.6423,0.001299,121.7526,238.4901,14.273633,S42
9211,99.3202,59.0336,0.001784,219.0563,140.9295,13.701412,S42
9212,82.5445,94.9098,0.000834,260.8109,99.2033,12.597643,S45
9213,82.536,91.1827,0.000432,250.5627,109.4995,12.60466,S45
9214,82.5428,89.7278,0.00023,107.3146,252.8188,12.614718,S45
9215,82.5333,86.4019,0.000481,79.3196,280.8429,12.619697,S45
9217,82.5403,89.3297,7.2e-05,22.8253,337.2857,12.614177,S45
9219,82.5394,84.8688,0.00094,52.516,307.6779,12.629449,S45
9221,0.0451,262.806,6.3e-05,359.5336,356.5681,1.00271,S4G
9222,28.6282,283.3951,0.672496,9.471,358.5807,3.04734,S4K
9223,38.0399,4.3766,0.001402,99.7737,260.4607,15.019102,S45
9224,11.0633,40.504,0.003312,48.601,177.8838,1.002742,S4J
9254,86.5778,212.9294,0.000653,110.9825,249.2037,14.666073,S43
9255,86.4458,275.5548,0.000726,65.5037,294.6929,14.429564,S43
9256,86.5758,213.1663,0.000264,88.2014,271.9498,14.66604,S43
9257,86.5767,212.7064,0.000262,83.3015,276.8441,14.66606,S43
9258,86.5755,212.9532,0.00026,90.3553,269.7975,14.666038,S43
9259,0.0126,320.3516,8.2e-05,147.1732,186.9511,1.002727,S4G
9260,3.1589,246.4978,0.000456,207.1791,239.3911,1.002776,S4J
9261,89.0065,49.2061,0.00177,18.325,341.8652,15.338753,S43
9263,89.007,49.2181,0.001872,20.1441,340.0567,15.338728,S43
9266,11.4609,40.5517,0.000414,191.4387,2.0703,1.002806,S4J
9269,0.0348,5.4783,0.000191,97.3726,190.5068,1.002706,S4G
9271,0.0648,235.7886,0.000143,281.1805,107.0013,1.002746,S4G
9272,65.8275,174.5102,0.697357,249.9957,283.4168,2.00954,S4K
9273,0.0429,171.9629,0.000289,300.5116,160.3515,1.002704,S4G
9275,98.5519,269.5535,0.001275,153.3095,206.8744,14.284521,S42
9276,98.2307,128.9959,0.000147,72.7098,287.4238,14.571035,S42
9279,0.0493,236.6399,0.000263,244.716,258.7076,1.002708,S4G
9282,98.5254,257.2599,0.000947,21.2965,338.861,14.296573,S42
9283,98.6016,187.2182,0.001497,318.9205,41.0832,14.092706,S42
9286,0.0295,52.1834,0.000353,114.099,74.7783,1.002703,S4G
9291,11.9746,37.1406,0.000691,253.7447,106.2027,0.993344,S4I
9295,0.0369,181.4072,7e-05,168.82,355.9848,1.002701,S4G
9296,86.3933,244.5308,0.000556,94.4779,265.7066,14.342201,S43
9297,86.4498,307.5982,0.000512,135.3082,224.8538,14.429517,S43
9298,98.5337,252.7869,0.001265,55.3273,304.9105,14.239858,S42
9315,9.6448,53.6499,0.000739,209.5524,150.4009,0.989056,S4I
9369,98.698,222.296,0.000866,65.2594,294.9457,14.133266,S42
9376,98.8057,187.244,0.000955,335.7496,24.3188,14.132974,S42
9379,12.4595,26.3632,0.000635,236.659,123.307,1.002555,S4J
9402,61.8752,257.9603,0.27324,270.8309,58.5461,1.002825,S4E
9404,63.7908,17.7669,0.266749,270.1288,59.6108,1.002714,S4E
9427,10.3911,52.184,0.001241,290.8778,68.9937,0.985752,S4I
9440,6.7868,68.998,0.000437,166.6473,193.2993,0.993966,S4I
9453,12.411,29.2079,0.000423,17.472,342.5625,1.003123,S4I
9493,7.5465,66.3456,0.000676,153.2009,206.7896,0.99792,S4I
9507,9.3507,59.0554,0.000598,175.0558,184.9376,0.992285,S4I
9519,98.7988,277.6698,0.001184,17.2223,342.935,14.14871,S42
9526,0.0287,59.7816,0.000244,35.9096,113.9773,1.002693,S4G
9533,11.1677,43.3045,0.001659,311.0737,94.5154,1.00275,S4J
